adoption,authors,docId,docLabel,docTitle,docType,group,href,implementationDate,leadingunit,participationUnits,publicationDate,publisher,status.active,status.superseded,status.stabilized,status.stabilizedDate,status.withdrawn,status.statusNote,status.supersededBy,references.normative,references.bibliographic,keywords,docElement,docNumber,docPart,repo,doi,relatedDocs,status.reaffirmDate,status.reaffirmed,status.unknown,workInfo.review,status.draft,status.publicCd
iso4241-1987,"[""吴淑芝"",""孙延炜""]",gbt-2926-2000,GB/T 2926-2000,35mm和16mm电影发行拷贝片头和片尾的技术规格,国家标准,国家电影局,javascript:;,2001-03-01,中国电影科学技术研究所,"[""中国电影科学技术研究所""]",2000-10-17,国家技术监督局,true,undefined,undefined,undefined,undefined,undefined,undefined,null,null,undefined,undefined,undefined,undefined,undefined,undefined,undefined,undefined,undefined,undefined,null,undefined,undefined
undefined,undefined,iso4241-1987,ISO 4241:1987,Cinematography — Leaders and run-out trailers for 35 mm and 16 mm release prints — Specifications,国际标准,iso-tc36-tc,undefined,undefined,undefined,undefined,undefined,ISO,false,true,undefined,undefined,undefined,undefined,undefined,null,null,undefined,undefined,undefined,undefined,undefined,undefined,undefined,undefined,undefined,undefined,null,undefined,undefined
iso4238-1976,undefined,gbt-2927-94,GB/T 2927-94,电影影片画幅放大或缩小光学印片比率技术要求,国家标准,国家电影局,javascript:;,1995-08-01,中国电影科学技术研究所,"[""中国电影科学技术研究所""]",1994-12-28,国家技术监督局,true,undefined,undefined,undefined,undefined,undefined,undefined,null,null,undefined,undefined,undefined,undefined,undefined,undefined,undefined,undefined,undefined,undefined,null,undefined,undefined
undefined,undefined,iso4238-1976,ISO 4238:1976,Cinematography — Optical printing ratios for enlargement and reduction of motion-picture film images — Specifications,国际标准,iso-tc36-tc,undefined,undefined,undefined,undefined,undefined,ISO,true,undefined,true,1981-12-01,undefined,undefined,undefined,null,null,undefined,undefined,undefined,undefined,undefined,undefined,undefined,undefined,undefined,undefined,null,undefined,undefined
undefined,undefined,gbt-3557-1994,GB/T 3557-1994,电影院视听环境技术要求,国家标准,国家电影局,javascript:;,1995-08-01,中国电影科学技术研究所,"[""中国电影科学技术研究所""]",1994-12-28,国家技术监督局,true,undefined,undefined,undefined,undefined,undefined,undefined,null,null,undefined,undefined,undefined,undefined,undefined,undefined,undefined,undefined,undefined,undefined,null,undefined,undefined
iso2906-84,"[""孙延炜""]",gbt-4635-2000,GB/T 4635-2000,35mm电影摄影机片窗在胶片上形成的画面的位置和尺寸,国家标准,国家电影局,javascript:;,2001-03-01,中国电影科学技术研究所,"[""中国电影科学技术研究所""]",2000-10-17,国家质量技术监督局,true,undefined,undefined,undefined,undefined,undefined,undefined,null,null,undefined,undefined,undefined,undefined,undefined,undefined,undefined,undefined,undefined,undefined,null,undefined,undefined
undefined,undefined,iso2906-84,ISO 2906:84,Cinematography — Image area produced by camera aperture on 35 mm motion-picture film — Position and dimensions,国际标准,iso-tc36-tc,undefined,undefined,undefined,undefined,undefined,ISO,false,true,undefined,undefined,undefined,undefined,undefined,null,null,undefined,undefined,undefined,undefined,undefined,undefined,undefined,undefined,undefined,undefined,null,undefined,undefined
iso2907-84,"[""孙延炜""]",gbt-4636-2000,GB/T 4636-2000,35mm影片上最大可放映画面的位置和尺寸,国家标准,国家电影局,javascript:;,2001-03-01,中国电影科学技术研究所,"[""中国电影科学技术研究所""]",2000-10-17,国家质量技术监督局,true,undefined,undefined,undefined,undefined,undefined,undefined,null,null,undefined,undefined,undefined,undefined,undefined,undefined,undefined,undefined,undefined,undefined,null,undefined,undefined
undefined,undefined,iso2907-84,ISO 2907:84,Cinematography — Maximum projectable image area on 35 mm motion-picture film — Position and dimensions,国际标准,iso-tc36-tc,undefined,undefined,undefined,undefined,undefined,ISO,false,true,undefined,undefined,undefined,undefined,undefined,null,null,undefined,undefined,undefined,undefined,undefined,undefined,undefined,undefined,undefined,undefined,null,undefined,undefined
iso162-85,undefined,gbt-4637-1994,GB/T 4637-1994,35mm磁片上三声轨、四声轨和六声轨磁头隙缝的位置和宽度尺寸,国家标准,国家电影局,javascript:;,1995-08-01,中国电影科学技术研究所,"[""中国电影科学技术研究所""]",1994-12-28,国家技术监督局,true,undefined,undefined,undefined,undefined,undefined,undefined,null,null,undefined,undefined,undefined,undefined,undefined,undefined,undefined,undefined,undefined,undefined,null,undefined,undefined
undefined,undefined,iso162-85,ISO 162:1985,"Cinematography — Head gaps and sound records for three-, four-, or six-track magnetic sound records on 35 mm and single-track on 17,5 mm motion-picture film containing no picture — Positions and width dimensions",国际标准,iso-tc36-tc,undefined,undefined,undefined,undefined,undefined,ISO,true,undefined,true,1990-12-01,undefined,undefined,undefined,null,null,undefined,undefined,undefined,undefined,undefined,undefined,undefined,undefined,undefined,undefined,null,undefined,undefined
iso2939-1986,"[""孙延炜""]",gbt-4638-1997,GB/T 4638-1997,35mm电影发行拷贝上画面和光学声迹的位置和尺寸,国家标准,国家电影局,javascript:;,1998-03-01,中国电影科学技术研究所,"[""中国电影科学技术研究所""]",1997-06-28,国家技术监督局,true,undefined,undefined,undefined,undefined,undefined,undefined,null,null,undefined,undefined,undefined,undefined,undefined,undefined,undefined,undefined,undefined,undefined,null,undefined,undefined
undefined,undefined,iso2939-1986,ISO 2939:1986,Cinematography — Picture image area and photographic sound record on 35 mm motion-picture release prints — Position and dimensions,国际标准,iso-tc36-tc,undefined,undefined,undefined,undefined,undefined,ISO,false,undefined,undefined,undefined,true,undefined,undefined,null,null,undefined,undefined,undefined,undefined,undefined,undefined,undefined,undefined,undefined,undefined,null,undefined,undefined
iso70-1981,"[""孙延炜""]",gbt-4639-2000,GB/T 4639-2000,35mm单声道电影光学声底片上声迹的位置和最大宽度尺寸,国家标准,国家电影局,javascript:;,2001-03-01,中国电影科学技术研究所,"[""中国电影科学技术研究所""]",2000-10-17,国家质量技术监督局,true,undefined,undefined,undefined,undefined,undefined,undefined,null,null,undefined,undefined,undefined,undefined,undefined,undefined,undefined,undefined,undefined,undefined,null,undefined,undefined
undefined,undefined,iso70-1981,ISO 70:1981,Cinematography — 35 mm negative photographic sound record on 35 mm motion-picture film — Position and maximum width dimensions,国际标准,iso-tc36-tc,undefined,undefined,undefined,undefined,undefined,ISO,true,undefined,true,1986-06-01,undefined,undefined,undefined,null,null,undefined,undefined,undefined,undefined,undefined,undefined,undefined,undefined,undefined,undefined,null,undefined,undefined
iso23-1993,"[""吴淑芝""]",gbt-4640-2000,GB/T 4640-2000,35mm电影胶片在摄影机上的用法,国家标准,国家电影局,javascript:;,2001-03-01,中国电影科学技术研究所,"[""中国电影科学技术研究所""]",2000-10-17,国家质量技术监督局,true,undefined,undefined,undefined,undefined,undefined,undefined,null,null,undefined,undefined,undefined,undefined,undefined,undefined,undefined,undefined,undefined,undefined,null,undefined,undefined
undefined,undefined,iso23-1993,ISO 23:1993,Cinematography — Camera usage of 35 mm motion-picture film — Specifications,国际标准,iso-tc36-tc,undefined,undefined,undefined,undefined,undefined,ISO,true,undefined,true,1997-11-30,undefined,undefined,undefined,null,null,undefined,undefined,undefined,undefined,undefined,undefined,undefined,undefined,undefined,undefined,null,undefined,undefined
iso25-1994,"[""吴淑芝""]",gbt-4641-2000,GB/T 4641-2000,16mm电影胶片在摄影机上的用法,国家标准,国家电影局,javascript:;,2001-03-01,中国电影科学技术研究所,"[""中国电影科学技术研究所""]",2000-10-17,国家质量技术监督局,true,undefined,undefined,undefined,undefined,undefined,undefined,null,null,undefined,undefined,undefined,undefined,undefined,undefined,undefined,undefined,undefined,undefined,null,undefined,undefined
undefined,undefined,iso25-1994,ISO 25:1994,Cinematography — Camera usage of 16 mm motion-picture film — Specifications,国际标准,iso-tc36-tc,undefined,undefined,undefined,undefined,undefined,ISO,true,undefined,true,1998-11-30,undefined,undefined,undefined,null,null,undefined,undefined,undefined,undefined,undefined,undefined,undefined,undefined,undefined,undefined,null,undefined,undefined
iso466-1976,"[""华锡梅""]",gb-4642-84,GB 4642-84,16mm电影摄影机片窗在胶片上所形成的影象位置和尺寸,国家标准,国家电影局,javascript:;,1985-05-01,中国电影科学技术研究所,"[""中国电影科学技术研究所""]",1984-08-14,国家标准局,true,undefined,undefined,undefined,undefined,undefined,undefined,null,null,undefined,undefined,undefined,undefined,undefined,undefined,undefined,undefined,undefined,undefined,null,undefined,undefined
undefined,undefined,iso466-1976,ISO 466:1976,Cinematography — Image produced by 16 mm motion-picture camera aperture — Position and dimensions,国际标准,iso-tc36-tc,undefined,undefined,undefined,undefined,undefined,ISO,true,undefined,true,1981-12-01,undefined,undefined,undefined,null,null,undefined,undefined,undefined,undefined,undefined,undefined,undefined,undefined,undefined,undefined,null,undefined,undefined
iso2910-1990,"[""顾正保"",""李涵初"",""陈江"",""罗燕翎"",""马思泽""]",gbt-4645-2006,GB/T 4645-2006,室内影院和鉴定放映室的银幕亮度,国家标准,国家电影局,javascript:;,2007-03-01,中国电影集团,"[""中国电影集团"",""上海市文化广播影视管理局"",""中国电影科学技术研究所"",""国家电影局电影技术质量检测所""]",2006-08-30,中华人民共和国国家质量监督检验检疫总局/中国国家标准化管理委员会,true,undefined,undefined,undefined,undefined,undefined,undefined,null,null,undefined,undefined,undefined,undefined,undefined,undefined,undefined,undefined,undefined,undefined,null,undefined,undefined
undefined,undefined,iso2910-1990,ISO 2910:1990,Cinematography — Screen luminance for the projection of motion-picture prints in indoor theatres and review rooms,国际标准,iso-tc36-tc,undefined,undefined,undefined,undefined,undefined,ISO,false,true,undefined,undefined,undefined,undefined,undefined,null,null,undefined,undefined,undefined,undefined,undefined,undefined,undefined,undefined,undefined,undefined,null,undefined,undefined
iso8567-1986,"[""张中平""]",gbt-5297-2002,GB/T 5297-2002,35mm和16mm电影发行影片字幕最大可允许区域的位置和尺寸,国家标准,国家电影局,javascript:;,2003-05-01,中国电影科学技术研究所,"[""中国电影科学技术研究所""]",2002-12-04,中华人民共和国国家质量监督检验检疫总局,true,undefined,undefined,undefined,undefined,undefined,undefined,null,null,undefined,undefined,undefined,undefined,undefined,undefined,undefined,undefined,undefined,undefined,null,undefined,undefined
undefined,undefined,iso8567-1986,ISO 8567:1986,Cinematography — Maximum permissible area for subtitle 35 mm and 16 mm motion-picture release prints — Dimensions and locations,国际标准,iso-tc36-tc,undefined,undefined,undefined,undefined,undefined,ISO,false,true,undefined,undefined,undefined,undefined,undefined,null,null,undefined,undefined,undefined,undefined,undefined,undefined,undefined,undefined,undefined,undefined,null,undefined,undefined
undefined,"[""王少明""]",gb-5298-85,GB 5298-85,35mm电影遮幅法影片画面的位置及尺寸,国家标准,国家电影局,javascript:;,1986-04-01,中国电影科学技术研究所,"[""中国电影科学技术研究所""]",1985-08-25,国家标准局,true,undefined,undefined,undefined,undefined,undefined,undefined,null,null,undefined,undefined,undefined,undefined,undefined,undefined,undefined,undefined,undefined,undefined,null,undefined,undefined
iso1223-1993,"[""杨明达""]",gbt-5301-2002,GB/T 5301-2002,供电视播放用影片安全画面范围的位置和尺寸,国家标准,国家电影局,javascript:;,2003-05-01,中国电影科学技术研究所,"[""中国电影科学技术研究所""]",2002-12-4,国家质量技术监督检验检疫总局,true,undefined,undefined,undefined,undefined,undefined,undefined,null,null,undefined,undefined,undefined,undefined,undefined,undefined,undefined,undefined,undefined,undefined,null,undefined,undefined
undefined,undefined,iso1223-1993,ISO 1223:1993,Cinematography — Picture areas for motion-picture films and slides for television — Position and dimensions,国际标准,iso-tc36-tc,undefined,undefined,undefined,undefined,undefined,ISO,false,true,undefined,undefined,undefined,undefined,undefined,null,null,undefined,undefined,undefined,undefined,undefined,undefined,undefined,undefined,undefined,undefined,null,undefined,undefined
iso5768-1981,"[""王少明""]",gb-5874-86,GB 5874-86,16mm W型电影摄影机片窗所形成的画面位置和尺寸,国家标准,国家电影局,javascript:;,1986-012-01,中国电影科学技术研究所,"[""中国电影科学技术研究所""]",1986-02-27,国家标准局,true,undefined,undefined,undefined,undefined,undefined,undefined,null,null,undefined,undefined,undefined,undefined,undefined,undefined,undefined,undefined,undefined,undefined,null,undefined,undefined
undefined,undefined,iso5768-1981,ISO 5768:1981,Cinematography — Image produced by camera aperture Type W on 16 mm motion-picture film — Position and dimensions,国际标准,iso-tc36-tc,undefined,undefined,undefined,undefined,undefined,ISO,false,true,undefined,undefined,true,undefined,undefined,null,null,undefined,undefined,undefined,undefined,undefined,undefined,undefined,undefined,undefined,undefined,null,undefined,undefined
iso1189-1986,undefined,gbt-5875-94,GB/T 5875-94,35mm和16mm磁片的录音特性,国家标准,国家电影局,javascript:;,1995-08-01,中国电影科学技术研究所,"[""中国电影科学技术研究所""]",1994-12-28,国家技术监督局,true,undefined,undefined,undefined,undefined,同时采标的ISO 1189:1986和ISO 1188:1984，均现行有效。,undefined,null,null,undefined,undefined,undefined,undefined,undefined,undefined,undefined,undefined,undefined,undefined,null,undefined,undefined
undefined,undefined,iso1189-1986,ISO 1189:1986,Cinematography — Recorded characteristic for magnetic sound records on 35 mm motion-picture film excluding striped release prints — Specifications,国际标准,iso-tc36-tc,undefined,undefined,undefined,undefined,undefined,ISO,true,undefined,true,1990-11-15,undefined,undefined,undefined,null,null,undefined,undefined,undefined,undefined,undefined,undefined,undefined,undefined,undefined,undefined,null,undefined,undefined
iso417-1977,"[""梁敏聪""]",gbt-12938-1991,GB/T 12938-1991,已加工的摄影材料中硫代硫酸盐及其他相关化学残留物的测定方法 碘-直链淀粉法、亚甲蓝法和硫化银密度法,国家标准,国家电影局,javascript:;,1992-04-01,中国电影科学技术研究所,"[""中国电影科学技术研究所""]",1991-05-22,国家技术监督局,true,undefined,undefined,undefined,undefined,undefined,undefined,null,null,undefined,undefined,undefined,undefined,undefined,undefined,undefined,undefined,undefined,undefined,null,undefined,undefined
undefined,undefined,iso417-1977,ISO 417:1977,"Photography — Determination of thiosulphate and other residual chemicals in processed photographic films, plates and papers — Methylene blue photometric method and silver sulphide densitometric method",国际标准,iso-tc36-tc,undefined,undefined,undefined,undefined,undefined,ISO,false,undefined,undefined,undefined,true,undefined,undefined,null,null,undefined,undefined,undefined,undefined,undefined,undefined,undefined,undefined,undefined,undefined,null,undefined,undefined
iso6036-1996,"[""杨明达""]",gbt-13154-2006,GB/T 13154-2006,电视用彩色电影拷贝和幻灯片的密度规范,国家标准,国家电影局,javascript:;,2007-03-01,中国电影集团公司北京电影洗印录像技术厂,"[""中国电影集团公司北京电影洗印录像技术厂""]",2006-08-30,中华人民共和国国家质量监督检验检疫总局/中国国家标准化管理委员会,true,undefined,undefined,undefined,undefined,undefined,undefined,null,null,undefined,undefined,undefined,undefined,undefined,undefined,undefined,undefined,undefined,undefined,null,undefined,undefined
undefined,undefined,iso6036-1996,ISO 6036:1996,Cinematography — Colour motion-picture prints and slides for television — Density specifications,国际标准,iso-tc36-tc,undefined,undefined,undefined,undefined,undefined,ISO,true,undefined,true,2000-11-25,undefined,undefined,undefined,null,null,undefined,undefined,undefined,undefined,undefined,undefined,undefined,undefined,undefined,undefined,null,undefined,undefined
iso2969-1987,undefined,gbt-13157-91,GB/T 13157-91,35mm影片光学声迹的还音电声频率响应特性,国家标准,国家电影局,javascript:;,1992-06-01,中国电影科学技术研究所,"[""中国电影科学技术研究所""]",1991-09-16,国家技术监督局,true,undefined,undefined,undefined,undefined,同时采标的ISO 7831:1986现行有效;ISO 2969:1987被代替。,undefined,null,null,undefined,undefined,undefined,undefined,undefined,undefined,undefined,undefined,undefined,undefined,null,undefined,undefined
undefined,undefined,iso2969-1987,ISO 2969:1987,Cinematography — B-chain electro-acoustic response of motion-picture control rooms and indoor theatres — Specifications and measurements,国际标准,iso-tc36-tc,undefined,undefined,undefined,undefined,undefined,ISO,false,true,undefined,undefined,undefined,undefined,undefined,null,null,undefined,undefined,undefined,undefined,undefined,undefined,undefined,undefined,undefined,undefined,null,undefined,undefined
iso7343-1983,"[""敬健""]",gbt-13999-92,GB/T 13999-92,35mm电影拷贝上光学双声迹的位置和宽度尺寸,国家标准,国家电影局,javascript:;,1993-08-01,中国电影科学技术研究所,"[""中国电影科学技术研究所""]",1992-12-17,国家技术监督局,true,undefined,undefined,undefined,undefined,undefined,undefined,null,null,undefined,undefined,undefined,undefined,undefined,undefined,undefined,undefined,undefined,undefined,null,undefined,undefined
undefined,undefined,iso7343-1983,ISO 7343:1983,Cinematography — Two-track photographic sound records on 35 mm motion-picture prints — Positions and width dimensions,国际标准,iso-tc36-tc,undefined,undefined,undefined,undefined,undefined,ISO,false,true,undefined,undefined,undefined,undefined,undefined,null,null,undefined,undefined,undefined,undefined,undefined,undefined,undefined,undefined,undefined,undefined,null,undefined,undefined
iso2969-1987,undefined,gbt-15397-1994,GB/T 15397-1994,电影录音控制室、鉴定放映室及室内影院A环、B环电声频率响应特性测量方法,国家标准,国家电影局,javascript:;,1995-08-01,中国电影科学技术研究所,"[""中国电影科学技术研究所""]",1994-12-28,国家技术监督局,true,undefined,undefined,undefined,undefined,undefined,undefined,null,null,undefined,undefined,undefined,undefined,undefined,undefined,undefined,undefined,undefined,undefined,null,undefined,undefined
undefined,undefined,iso4246-1984,ISO 4246:1984,Cinematography — Vocabulary,国际标准,iso-tc36-tc,undefined,undefined,undefined,undefined,undefined,ISO,false,true,undefined,undefined,undefined,undefined,"[""iso4246-1994""]",null,null,undefined,undefined,undefined,undefined,undefined,undefined,undefined,undefined,undefined,undefined,null,undefined,undefined
undefined,undefined,iso4246-1994,ISO 4246:1994,Cinematography — Vocabulary,国际标准,iso-tc36-tc,undefined,undefined,undefined,undefined,undefined,ISO,true,undefined,true,1998-11-30,undefined,undefined,undefined,null,null,undefined,undefined,undefined,undefined,undefined,undefined,undefined,undefined,undefined,undefined,null,undefined,undefined
iso6035-1983,"[""顾欣台""]",gbt-19770-2005,GB/T 19770-2005,电影 评价电视用电影和幻灯的观看条件彩色、亮度和尺寸,国家标准,国家电影局,javascript:;,2005-012-01,中国电影科学技术研究所,"[""中国电影科学技术研究所""]",2005-05-20,中华人民共和国国家质量监督检验检疫总局/中国国家标准化管理委员会,true,undefined,undefined,undefined,undefined,undefined,undefined,null,null,undefined,undefined,undefined,undefined,undefined,undefined,undefined,undefined,undefined,undefined,null,undefined,undefined
undefined,undefined,iso6035-1983,ISO 6035:1983,"Cinematography — Viewing conditions for the evaluation of films and slides for television — Colours, luminances and dimensions",国际标准,iso-tc36-tc,undefined,undefined,undefined,undefined,undefined,ISO,true,undefined,true,1991-07-01,undefined,undefined,undefined,null,null,undefined,undefined,undefined,undefined,undefined,undefined,undefined,undefined,undefined,undefined,null,undefined,undefined
iso12612-1997,"[""顾欣台""]",gbt-20231-2006,GB/T 20231-2006,电影 后期制作素材的交换,国家标准,国家电影局,javascript:;,2006-010-01,中国电影科学技术研究所,"[""中国电影科学技术研究所""]",2006-04-21,中华人民共和国国家质量监督检验检疫总局/中国国家标准化管理委员会,true,undefined,undefined,undefined,undefined,undefined,undefined,null,null,undefined,undefined,undefined,undefined,undefined,undefined,undefined,undefined,undefined,undefined,null,undefined,undefined
undefined,undefined,iso12612-1997,ISO 12612:1997,Cinematography — Interchange of post-production materials,国际标准,iso-tc36-tc,undefined,undefined,undefined,undefined,undefined,ISO,false,true,undefined,undefined,undefined,undefined,undefined,null,null,undefined,undefined,undefined,undefined,undefined,undefined,undefined,undefined,undefined,undefined,null,undefined,undefined
undefined,"[""李娜"",""高五峰"",""龚波"",""林民杰"",""张鑫"",""高峰"",""周永业"",""李艳龙"",""徐瑾"",""刘振家"",""王伟"",""郑执权""]",dyt-1-2020,DY/T 1—2020,数字影院立体放映技术要求和测量方法,行业标准,国家电影局,javascript:;,2020-09-01,中央宣传部电影技术质量检测所,"[""中央宣传部电影技术质量检测所"",""中国电影科学技术研究所"",""中国电影器材有限责任公司"",""杜比实验室国际技术服务（北京）有限公司"",""锐地（上海）三维设备租赁有限公司"",""深圳市岱洋科技有限公司"",""深圳市乐视环球科技有限公司"",""深圳市时代华影科技开发有限公司"",""深圳未来立体科技有限公司""]",2020-09-01,国家电影局,true,undefined,undefined,undefined,undefined,undefined,undefined,"[""gyt-311-2017"",""gyt-017-2007""]",undefined,undefined,undefined,undefined,undefined,undefined,undefined,undefined,undefined,undefined,undefined,null,undefined,undefined
undefined,"[""李枢平"",""宋强"",""刘达""]",gyt-017-2007,GD/J 017—2007,数字影院暂行技术要求,行业指导性技术文件,全国广播电影电视标准化技术委员会（SAC/TC239/SC4）,javascript:;,2007-8-13,中国电影科学技术研究所,undefined,2007-8-13,国家广播电影电视总局,true,undefined,undefined,undefined,undefined,undefined,undefined,"[""gbt-15769-1995"",""gbt-8898-2001"",""iso15444-1"",""isocie10527-1991"",""SMPTE.ST372.2002"",""SMPTE.ST428-1"",""SMPTE.ST428-2"",""SMPTE.ST429-3"",""SMPTE.ST429-4"",""SMPTE.ST431-1.2006"",""aes3-2003""]","[""dci-dcss-v11""]",undefined,undefined,undefined,undefined,undefined,undefined,undefined,undefined,undefined,undefined,null,undefined,undefined
iso4246-1984,undefined,gbt-15769-1995,GB/T 15769-1995,电影技术术语,国家标准,国家电影局,javascript:;,1996-08-01,中国电影科学技术研究所,undefined,1995-12-08,国家技术监督局,true,undefined,undefined,undefined,undefined,undefined,undefined,null,null,undefined,undefined,undefined,undefined,undefined,undefined,undefined,undefined,undefined,undefined,null,undefined,undefined
undefined,undefined,gbt-8898-2001,GB/T 8898-2001,音频、视频及类似电子设备安全要求,国家标准,工业和信息化部,javascript:;,2012-11-01,undefined,undefined,2011-12-30,中华人民共和国国家质量监督检验检疫总局/中国国家标准化管理委员会,false,true,undefined,undefined,undefined,undefined,undefined,null,null,undefined,undefined,undefined,undefined,undefined,undefined,undefined,undefined,undefined,undefined,null,undefined,undefined
undefined,undefined,iso15444-1,ISO/IEC 15444-1,Information technology — JPEG 2000 image coding system: Core coding system — Part 1,国际标准,undefined,https://www.iso.org/standard/66389.html,undefined,undefined,undefined,2015-03-15,ISO/IEC,true,undefined,undefined,undefined,undefined,undefined,undefined,null,null,"[""JPEG2000""]",undefined,undefined,undefined,undefined,undefined,undefined,undefined,undefined,undefined,null,undefined,undefined
undefined,undefined,isocie10527-1991,ISO/CIE 10527:1991,CIE standard colorimetric observers,国际标准,undefined,https://www.iso.org/standard/18596.html,undefined,undefined,undefined,1991-12-01T07:00:00.000Z,ISO/CIE,false,true,undefined,undefined,undefined,undefined,undefined,null,null,undefined,undefined,undefined,undefined,undefined,undefined,undefined,undefined,undefined,undefined,null,undefined,undefined
undefined,undefined,SMPTE.ST372.2002,SMPTE ST 372(m):2002,Dual Link 1.5 Gb/s Digital Interface for 1920 × 1080 and 2048 × 1080 Picture Formats,国外标准,smpte-32nf-tc,undefined,undefined,undefined,undefined,undefined,SMPTE,false,true,undefined,undefined,undefined,undefined,undefined,null,null,undefined,m,372,undefined,undefined,undefined,undefined,undefined,undefined,undefined,null,undefined,undefined
undefined,undefined,SMPTE.ST428-1,SMPTE ST 428-1,D-Cinema Distribution Master (DCDM) - Image Characteristics,国外标准,smpte-21dc-tc,https://doi.org/10.5594/SMPTE.ST428-1.2019,undefined,undefined,undefined,undefined,SMPTE,true,undefined,undefined,undefined,undefined,undefined,undefined,null,null,"[""DCinema"",""DCDM"",""DCP核心"",""发行"",""图像""]",undefined,428,1,https://github.com/SMPTE/st428-1,undefined,undefined,undefined,undefined,undefined,null,undefined,undefined
undefined,undefined,SMPTE.ST428-2,SMPTE ST 428-2,D-Cinema Distribution Master - Audio Characteristics,国外标准,smpte-21dc-tc,https://doi.org/10.5594/SMPTE.ST428-2.2006,undefined,undefined,undefined,undefined,SMPTE,true,undefined,undefined,undefined,undefined,undefined,undefined,null,null,"[""DCinema"",""DCDM"",""DCP核心"",""发行"",""声音""]",undefined,428,2,https://github.com/SMPTE/st428-2,undefined,undefined,undefined,undefined,undefined,null,undefined,undefined
undefined,undefined,SMPTE.ST429-3,SMPTE ST 429-3,D-Cinema Packaging - Sound and Picture Track File,国外标准,smpte-27c-tc,https://doi.org/10.5594/SMPTE.ST429-3.2007,undefined,undefined,undefined,undefined,SMPTE,true,undefined,undefined,undefined,undefined,undefined,undefined,null,null,"[""DCinema"",""打包"",""DCP核心"",""图像"",""声音"",""MXF应用"",""JPEG2000""]",undefined,429,3,https://github.com/SMPTE/st429-3,10.5594/SMPTE.ST429-3.2007,undefined,undefined,undefined,undefined,null,undefined,undefined
undefined,undefined,SMPTE.ST429-4,SMPTE ST 429-4,D-Cinema Packaging - MXF JPEG 2000 Application,国外标准,smpte-27c-tc,https://doi.org/10.5594/SMPTE.ST429-4.2020,undefined,undefined,undefined,undefined,SMPTE,true,undefined,undefined,undefined,undefined,undefined,undefined,null,null,"[""DCinema"",""打包"",""DCP核心"",""图像"",""MXF应用"",""JPEG2000""]",undefined,429,4,https://github.com/SMPTE/st429-4,10.5594/SMPTE.ST429-4.2020,undefined,undefined,undefined,undefined,null,undefined,undefined
undefined,undefined,SMPTE.ST431-1.2006,SMPTE ST 431-1:2006,"D-Cinema Quality - Screen Luminance Level, Chromaticity and Uniformity",国外标准,smpte-27c-tc,https://doi.org/10.5594/SMPTE.ST431-1.2006,undefined,undefined,undefined,2006-04-18,SMPTE,true,undefined,undefined,undefined,undefined,undefined,undefined,null,null,"[""DCinema"",""质量"",""放映"",""测量"",""图像""]",undefined,431,1,https://github.com/SMPTE/st431-1,10.5594/SMPTE.ST431-1.2006,"[""iso26431-1-2008""]",2018-03-15T07:00:00.000Z,true,undefined,null,undefined,undefined
undefined,undefined,iso26431-1-2008,ISO 26431-1:2008,"Digital cinema (D-cinema) quality — Part 1: Screen luminance level, chromaticity and uniformity",国际标准,iso-tc36-tc,https://www.iso.org/standard/50207.html,undefined,undefined,undefined,2008-09-01,ISO,true,undefined,undefined,undefined,undefined,undefined,undefined,null,null,"[""DCinema"",""质量"",""放映"",""测量"",""图像""]",undefined,undefined,undefined,undefined,undefined,"[""SMPTE.ST431-1.2006""]",undefined,undefined,undefined,null,undefined,undefined
undefined,undefined,aes3-2003,AES3-2003,AES standard for digital audio engineering - Serial transmission format for two-channel linearly represented digital audio data,国外标准,undefined,http://www.aes.org/publications/standards/search.cfm?docID=13,undefined,undefined,undefined,undefined,AES,false,true,undefined,undefined,undefined,undefined,undefined,null,null,undefined,undefined,undefined,undefined,undefined,undefined,undefined,undefined,undefined,undefined,null,undefined,undefined
undefined,undefined,dci-dcss-v11,DCSS v1.1 2007-0412,Digital Cinema System Specification Version 1.1,Specification,undefined,https://www.dcimovies.com/archives/spec_v1_1/DCI_DCinema_System_Spec_v1_1.pdf,undefined,undefined,undefined,2007-04-12,DCI,false,true,undefined,undefined,undefined,undefined,undefined,null,null,undefined,undefined,undefined,undefined,undefined,undefined,undefined,undefined,undefined,undefined,null,undefined,undefined
undefined,"[""王薇娜"",""龚波"",""朱君"",""朱觉"",""张辉"",""董强国"",""陈海生"",""高峰"",""李娜"",""许少宸"",""王文强"",""王景宇"",""贾波"",""何伟峰"",""邱正选"",""黄永谦"",""杨小寒"",""张金亮"",""王勤才"",""杨洪涛"",""董保鑫"",""杨伟强"",""邱昱天"",""李欣""]",gyt-311-2017,GY/T 311—2017,电影院视听环境技术要求和测量方法,行业标准,全国广播电影电视标准化技术委员会（SAC/TC239/SC4）,javascript:;,2017-11-24,国家新闻出版广电总局电影技术质量检测所,"[""国家新闻出版广电总局电影技术质量检测所"",""上海电影（集团）有限公司"",""北京中影博圣影视科技有限公司"",""广州飞达音响股份有限公司"",""中广华夏影视科技有限公司"",""宁波音王集团有限公司""]",2017-11-24,国家广播电影电视总局,true,undefined,undefined,undefined,undefined,undefined,undefined,"[""gbt-19889.4-2005"",""gbt-50121-2005"",""gbt-3785.1-2010"",""gbt-3241-2010"",""gbt-15173-2010"",""gbt-50076-2013"",""gyt-312-2017"",""sjt-10724-2013""]",undefined,undefined,undefined,undefined,undefined,undefined,undefined,undefined,undefined,undefined,undefined,null,undefined,undefined
undefined,undefined,gbt-19889.4-2005,GB/T 19889.4—2005,声学 建筑和建筑构件隔声测量 第4部分：房间之间空气声隔声的现场测量,国家标准,全国声学标准化技术委员会（TC 17）,javascript:;,2006-04-01,东南大学,undefined,2005-09-09,中华人民共和国国家质量监督检验检疫总局/中国国家标准化管理委员会,true,undefined,undefined,undefined,undefined,undefined,undefined,null,null,undefined,undefined,undefined,undefined,undefined,undefined,undefined,undefined,undefined,undefined,null,undefined,undefined
undefined,undefined,gbt-50121-2005,GB/T 50121—2005,建筑隔声评价标准,国家标准,undefined,javascript:;,2005-10-01,undefined,undefined,2005-07-15,中华人民共和国建设部/中华人民共和国国家质量监督检验检疫总局,undefined,undefined,undefined,undefined,undefined,undefined,undefined,null,null,undefined,undefined,undefined,undefined,undefined,undefined,undefined,undefined,undefined,true,null,undefined,undefined
undefined,undefined,gbt-3785.1-2010,GB/T 3785.1—2010,电声学 声级计 第1部分：规范,国家标准,全国电声学标准化技术委员会（TC 23）,javascript:;,2011-04-01,undefined,undefined,2010-09-02,中华人民共和国国家质量监督检验检疫总局/中国国家标准化管理委员会,true,undefined,undefined,undefined,undefined,undefined,undefined,null,null,undefined,undefined,undefined,undefined,undefined,undefined,undefined,undefined,undefined,undefined,null,undefined,undefined
undefined,undefined,gbt-3241-2010,GB/T 3241—2010,电声学 倍频程和分数倍频程滤波器,国家标准,全国电声学标准化技术委员会（TC 23）,javascript:;,2011-05-01,undefined,undefined,2010-12-01,中华人民共和国国家质量监督检验检疫总局/中国国家标准化管理委员会,true,undefined,undefined,undefined,undefined,undefined,undefined,null,null,undefined,undefined,undefined,undefined,undefined,undefined,undefined,undefined,undefined,undefined,null,undefined,undefined
undefined,undefined,gbt-15173-2010,GB/T 15173—2010,电声学 声校准器,国家标准,全国电声学标准化技术委员会（TC 23）,javascript:;,2011-04-01,undefined,undefined,2010-09-02,中华人民共和国国家质量监督检验检疫总局/中国国家标准化管理委员会,true,undefined,undefined,undefined,undefined,undefined,undefined,null,null,undefined,undefined,undefined,undefined,undefined,undefined,undefined,undefined,undefined,undefined,null,undefined,undefined
undefined,undefined,gbt-50076-2013,GB/T 50076—2013,室内混响时间测量规范,国家标准,undefined,javascript:;,2014-03-01,undefined,undefined,2013-08-08,中华人民共和国住房和城乡建设部/中华人民共和国国家质量监督检验检疫总局,undefined,undefined,undefined,undefined,undefined,undefined,undefined,null,null,undefined,undefined,undefined,undefined,undefined,undefined,undefined,undefined,undefined,true,null,undefined,undefined
iso2969-2015,"[""董强国"",""朱觉"",""龚波"",""徐景"",""朱君"",""陈中新"",""李娜"",""高峰"",""张辉"",""王文强"",""王薇娜"",""王晓俊"",""赵至臻"",""王景宇"",""贾波"",""何伟峰"",""邱正选"",""黄永谦""]",gyt-312-2017,GY/T 312—2017,电影 录音控制室、室内影厅B环电声响应规范和测量,行业标准,全国广播电影电视标准化技术委员会（SAC/TC239/SC4）,javascript:;,2017-11-24,国家新闻出版广电总局电影技术质量检测所,"[""国家新闻出版广电总局电影技术质量检测所"",""上海电影（集团）有限公司负责起草，广州飞达音响股份有限公司"",""中广华夏影视科技有限公司"",""宁波音王集团有限公司""]",2017-11-24,国家广播电影电视总局,true,undefined,undefined,undefined,undefined,undefined,undefined,null,null,undefined,undefined,undefined,undefined,undefined,undefined,undefined,undefined,undefined,undefined,null,undefined,undefined
undefined,undefined,iso2969-2015,ISO 2969:2015,Cinematography — B-chain electro-acoustic reponse of motion-picture control rooms and indoor theatres —Specifications and measurements,国际标准,iso-tc36-tc,undefined,undefined,undefined,undefined,undefined,ISO,true,undefined,undefined,undefined,undefined,undefined,undefined,null,null,undefined,undefined,undefined,undefined,undefined,undefined,undefined,undefined,undefined,undefined,null,undefined,undefined
undefined,undefined,sjt-10724-2013,SJ/T 10724-2013,电声学 测量电容传声器通用规范,行业标准,全国电声学标准化技术委员会（TC 23）,javascript:;,2013-12-01,undefined,undefined,2013-10-17,中华人民共和国工业和信息化部,true,undefined,undefined,undefined,undefined,undefined,undefined,null,null,undefined,undefined,undefined,undefined,undefined,undefined,undefined,undefined,undefined,undefined,null,undefined,undefined
undefined,"[""张鑫"",""崔强"",""张红"",""刘翼光""]",gyt-247-2011,GY/T 247-2011,影院管理系统基本功能和接口规范,行业标准,全国广播电影电视标准化技术委员会（SAC/TC239/SC4）,javascript:;,2011-08-03,undefined,"[""中国电影科学技术研究所"",""国家广电总局电影数字节目管理中心""]",2011-08-03,国家广播电影电视总局,true,undefined,undefined,undefined,undefined,undefined,undefined,null,null,"[""影院信息化""]",undefined,undefined,undefined,undefined,undefined,undefined,undefined,undefined,undefined,"[{""assignedGroup"":""国家电影局"",""reviewDate"":""2017-01-01"",""reviewPeriod"":""5年""}]",undefined,undefined
undefined,undefined,dyt-247-20XX,DY/T 247-20XX,影院管理系统基本功能和接口规范,行业标准,国家电影局,undefined,undefined,undefined,undefined,undefined,国家电影局,undefined,undefined,undefined,undefined,undefined,undefined,undefined,null,null,"[""影院信息化""]",undefined,undefined,undefined,undefined,undefined,undefined,undefined,undefined,undefined,null,true,true
undefined,undefined,dci-dcss-v142,DCSS v1.4.2,Digital Cinema System Specification Version 1.4.2,Specification,undefined,https://dcss.dcimovies.com/0c0cff34d231b516cb89ae3fad352d5cf37a9515/dcss.html,undefined,undefined,undefined,2022-06-15,DCI,true,undefined,undefined,undefined,undefined,undefined,undefined,null,null,undefined,undefined,undefined,undefined,undefined,undefined,undefined,undefined,undefined,undefined,null,undefined,undefined
iso26429-6-2008,"[""刘戈三"",""张鑫"",""刘茂英"",""王萃"",""王木旺"",""李铭""]",dyt-2.3-2020,DY/T 2.3-2020,数字电影打包 第3部分：MXF轨迹文件基本数据加密,行业标准,国家电影局,javascript:;,2020-09-30,北京电影学院,"[""北京电影学院"",""中国电影科学技术研究所""]",2020-09-22,国家电影局,true,undefined,undefined,undefined,undefined,undefined,undefined,null,null,"[""打包"",""安全""]",undefined,undefined,undefined,undefined,undefined,undefined,undefined,undefined,undefined,null,undefined,undefined
undefined,undefined,iso26429-6-2008,ISO 26429-6:2008,Digital cinema (D-cinema) packaging — Part 6: MXF track file essence encryption,国际标准,iso-tc36-tc,https://www.iso.org/standard/50222.html,undefined,undefined,undefined,2008-07-01,ISO,true,undefined,undefined,undefined,undefined,undefined,undefined,null,null,"[""DCinema"",""打包"",""DCP核心"",""安全"",""MXF应用""]",undefined,undefined,undefined,undefined,undefined,undefined,2017-01-01,true,undefined,null,undefined,undefined
iso26429-7-2008,"[""刘戈三"",""王萃"",""刘茂英"",""王木旺"",""张鑫"",""李铭""]",dyt-2.4-2020,DY/T 2.4-2020,数字电影打包 第4部分：合成播放列表,行业标准,国家电影局,javascript:;,2020-09-30,北京电影学院,"[""北京电影学院"",""中国电影科学技术研究所""]",2020-09-22,国家电影局,true,undefined,undefined,undefined,undefined,undefined,undefined,null,null,"[""打包""]",undefined,undefined,undefined,undefined,undefined,undefined,undefined,undefined,undefined,null,undefined,undefined
undefined,undefined,iso26429-7-2008,ISO 26429-7:2008,Digital cinema (D-cinema) packaging — Part 7: Composition playlist,国际标准,iso-tc36-tc,https://www.iso.org/standard/50223.html,undefined,undefined,undefined,2008-09-01,ISO,true,undefined,undefined,undefined,undefined,undefined,undefined,null,null,"[""DCinema"",""打包"",""DCP核心""]",undefined,undefined,undefined,undefined,undefined,undefined,2017-01-01,true,undefined,null,undefined,undefined
iso26429-8-2008,"[""王萃"",""方捷新"",""张雪"",""刘达""]",dyt-2.5-2020,DY/T 2.5-2020,数字电影打包 第5部分：打包列表,行业标准,国家电影局,javascript:;,2020-09-30,中国电影科学技术研究所,"[""中国电影科学技术研究所""]",2020-09-22,国家电影局,true,undefined,undefined,undefined,undefined,undefined,undefined,null,null,"[""打包""]",undefined,undefined,undefined,undefined,undefined,undefined,undefined,undefined,undefined,null,undefined,undefined
undefined,undefined,iso26429-8-2008,ISO 26429-8:2008,Digital cinema (D-cinema) packaging — Part 8: Packing list,国际标准,iso-tc36-tc,https://www.iso.org/standard/52785.html,undefined,undefined,undefined,undefined,ISO,false,true,undefined,undefined,undefined,undefined,undefined,null,null,"[""DCinema"",""打包"",""DCP核心""]",undefined,undefined,undefined,undefined,undefined,undefined,undefined,undefined,undefined,null,undefined,undefined
iso26429-9-2008,"[""刘茂英"",""王木旺"",""李虹珊"",""张鑫""]",dyt-2.6-2020,DY/T 2.6-2020,数字电影打包 第6部分：资产映射和文件分割,行业标准,国家电影局,javascript:;,2020-09-30,中国电影科学技术研究所,"[""中国电影科学技术研究所""]",2020-09-22,国家电影局,true,undefined,undefined,undefined,undefined,undefined,undefined,null,null,"[""打包""]",undefined,undefined,undefined,undefined,undefined,undefined,undefined,undefined,undefined,null,undefined,undefined
undefined,undefined,iso26429-9-2008,ISO 26429-9:2008,Digital cinema (D-cinema) packaging — Part 9: Asset mapping and file segmentation,国际标准,iso-tc36-tc,https://www.iso.org/standard/52786.html,undefined,undefined,undefined,2009-12-01,ISO,false,true,undefined,undefined,undefined,undefined,undefined,null,null,"[""DCinema"",""打包"",""DCP核心"",""发行""]",undefined,undefined,undefined,undefined,undefined,undefined,undefined,undefined,undefined,null,undefined,undefined
iso26429-10-2008,"[""刘茂英"",""李铭"",""林晓森"",""何晓"",""才惠新""]",dyt-2.7-2020,DY/T 2.7-2020,数字电影打包 第7部分：立体图像轨迹文件,行业标准,国家电影局,javascript:;,2020-09-30,中国电影科学技术研究所,"[""中国电影科学技术研究所"",""北京电影学院"",""南京行影信息技术有限公司""]",2020-09-22,国家电影局,true,undefined,undefined,undefined,undefined,undefined,undefined,null,null,"[""打包""]",undefined,undefined,undefined,undefined,undefined,undefined,undefined,undefined,undefined,null,undefined,undefined
undefined,undefined,iso26429-10-2008,ISO 26429-10:2008,Digital cinema (D-cinema) packaging — Part 10: Stereoscopic picture track file,国际标准,iso-tc36-tc,https://www.iso.org/standard/52787.html,undefined,undefined,undefined,undefined,ISO,false,true,undefined,undefined,undefined,undefined,undefined,null,null,"[""DCinema"",""DCP核心"",""发行"",""图像"",""打包""]",undefined,undefined,undefined,undefined,undefined,undefined,undefined,undefined,undefined,null,undefined,undefined
undefined,"[""李娜"",""韩晓黎"",""陈飞"",""林民杰"",""陈江"",""杨洪涛"",""董强国"",""张辉"",""王文强"",""贾波"",""崔晓宇"",""张金亮""]",dyt-3-2020,DY/T 3-2020,数字电影巨幕影厅技术要求和测量方法,行业标准,国家电影局,javascript:;,2021-01-01,中央宣传部电影技术质量检测所,"[""中央宣传部电影技术质量检测所"",""中国电影器材有限责任公司"",""中影数字巨幕（北京）有限公司"",""北京中影博圣影视科技有限公司""]",2021-01-01,国家电影局,true,undefined,undefined,undefined,undefined,undefined,undefined,null,null,"[""测量"",""巨幕""]",undefined,undefined,undefined,undefined,undefined,undefined,undefined,undefined,undefined,null,undefined,undefined
undefined,"[""陈江"",""李娜"",""张辉"",""董强国"",""周令非"",""王景宇"",""邢锡伦"",""林刚"",""丁健""]",dyt-4-2020,DY/T 4-2020,巨型金属银幕技术要求和测量方法,行业标准,国家电影局,javascript:;,2021-01-01,中央宣传部电影技术质量检测所,"[""中央宣传部电影技术质量检测所"",""芜湖影星巨幕有限公司"",""北京哈克尼斯银幕有限公司"",""北京炫动九星银幕科技有限公司"",""广州柏拉图新材料有限公司""]",2021-01-01,国家电影局,true,undefined,undefined,undefined,undefined,undefined,undefined,null,null,"[""测量"",""巨幕""]",undefined,undefined,undefined,undefined,undefined,undefined,undefined,undefined,undefined,null,undefined,undefined
undefined,"[""刘戈三"",""常乐"",""刘茂英"",""徐嘉"",""黄晓宇"",""牛小明"",""王峥"",""靳宇""]",dyt-5-2021,DY/T 5-2021,数字电影存档母版技术规范,行业标准,国家电影局,javascript:;,2021-08-01,北京电影学院,"[""北京电影学院"",""中国电影科学技术研究所"",""中国电影股份有限公司"",""华夏电影发行有限责任公司"",""中央宣传部电影数字节目管理中心"",""中国电影资料馆""]",2021-08-01,国家电影局,true,undefined,undefined,undefined,undefined,undefined,undefined,null,null,"[""存档""]",undefined,undefined,undefined,undefined,undefined,undefined,undefined,undefined,undefined,null,undefined,undefined
undefined,"[""董强国"",""张辉"",""李娜"",""高峰"",""王文强"",""崔强"",""周令非"",""龚波"",""贾波"",""何伟峰"",""黄永谦"",""邱正选"",""杨洪涛""]",dyt-6-2021,DY/T 6-2021,数字电影放映用还音设备技术要求和测量方法,行业标准,国家电影局,javascript:;,2021-08-01,中央宣传部电影技术质量检测所,"[""中央宣传部电影技术质量检测所"",""中国电影科学技术研究所"",""广州飞达音响股份有限公司"",""宁波音王集团有限公司"",""中广华夏影视科技有限公司"",""北京中影博圣影视科技有限公司""]",2021-08-01,国家电影局,true,undefined,undefined,undefined,undefined,undefined,undefined,null,null,"[""声音""]",undefined,undefined,undefined,undefined,undefined,undefined,undefined,undefined,undefined,null,undefined,undefined
undefined,"[""杨明达"",""顾正保"",""陈江"",""罗燕钢"",""王家有""]",gyt-39-2007,GY/T 39-2007,电影发行拷贝技术质量规范,行业标准,中国电影科学技术研究所,javascript:;,2007-09-01,北京电影洗印录像技术厂,"[""北京电影洗印录像技术厂"",""中国电影集团公司"",""国家广播电影电视总局电影技术质量检测所"",""中国电影科学技术研究所""]",2007-06-12,国家广播电影电视总局,true,undefined,undefined,undefined,undefined,undefined,undefined,null,null,"[""发行""]",undefined,undefined,undefined,undefined,undefined,undefined,undefined,undefined,undefined,null,undefined,undefined
undefined,undefined,gy-39-87,GY 39-87,35mm和16mm电影发行拷贝的出厂技术质量要求,行业标准,中国电影科学技术研究所,javascript:;,1987-12-31,中国电影科学技术研究所,"[""中国电影科学技术研究所"",""北京电洗印录象厂""]",1987-10-29,中华人民共和国广播电影电视部,false,true,undefined,undefined,undefined,undefined,"[""gyt-39-2007""]",null,null,"[""发行""]",undefined,undefined,undefined,undefined,undefined,undefined,undefined,undefined,undefined,null,undefined,undefined
undefined,undefined,gy-40-87,GY 40-87,8.75mm电影发行贝的出厂技术质量要求,行业标准,中国电影科学技术研究所,javascript:;,1988-01-01,中国电影科学技术研究所,"[""中国电影科学技术研究所"",""北京电洗印录象厂""]",1987-10-30,中华人民共和国广播电影电视部,true,undefined,undefined,undefined,undefined,undefined,undefined,null,null,"[""发行""]",undefined,undefined,undefined,undefined,undefined,undefined,undefined,undefined,undefined,null,undefined,undefined
undefined,undefined,gy-41-87,GY 41-87,35mm单机立体电影的摄影画幅位置和尺寸,行业标准,中国电影科学技术研究所,javascript:;,1988-01-01,中国电影科学技术研究所,"[""中国电影科学技术研究所""]",1987-10-30,中华人民共和国广播电影电视部,true,undefined,undefined,undefined,undefined,undefined,undefined,null,null,"[""立体""]",undefined,undefined,undefined,undefined,undefined,undefined,undefined,undefined,undefined,null,undefined,undefined
undefined,undefined,gy-42-87,GY 42-87,35mm单机偏光立体电影放映效果技术要求,行业标准,中国电影科学技术研究所,javascript:;,1988-01-01,中国电影科学技术研究所,"[""中国电影科学技术研究所""]",1987-10-30,中华人民共和国广播电影电视部,true,undefined,undefined,undefined,undefined,undefined,undefined,null,null,"[""立体""]",undefined,undefined,undefined,undefined,undefined,undefined,undefined,undefined,undefined,null,undefined,undefined
undefined,undefined,gy-43-87,GY 43-87,16mm单机立体电影贝的画幅位置位置和尺寸,行业标准,中国电影科学技术研究所,javascript:;,1988-01-01,中国电影科学技术研究所,"[""中国电影科学技术研究所""]",1987-10-30,中华人民共和国广播电影电视部,true,undefined,undefined,undefined,undefined,undefined,undefined,null,null,"[""立体""]",undefined,undefined,undefined,undefined,undefined,undefined,undefined,undefined,undefined,null,undefined,undefined
undefined,undefined,gy-44-87,GY 44-87,16mm单机偏光立体电影放映效果技术要求,行业标准,中国电影科学技术研究所,javascript:;,1988-01-01,中国电影科学技术研究所,"[""中国电影科学技术研究所""]",1987-10-30,中华人民共和国广播电影电视部,true,undefined,undefined,undefined,undefined,undefined,undefined,null,null,"[""立体""]",undefined,undefined,undefined,undefined,undefined,undefined,undefined,undefined,undefined,null,undefined,undefined
undefined,undefined,gyt-101-91,GY/T 101-91,35mm环幕电影摄影机片窗所形成的影像和发行拷贝可放映画面的位置及尺寸,行业标准,中国电影科学技术研究所,javascript:;,1992-01-01,中国电影科学技术研究所,"[""中国电影科学技术研究所""]",1992-01-01,未知,true,undefined,undefined,undefined,undefined,undefined,undefined,null,null,"[""环幕""]",undefined,undefined,undefined,undefined,undefined,undefined,undefined,undefined,undefined,null,undefined,undefined
undefined,undefined,gyt-112-93,GY/T 112-93,电影鉴定放映室声光技术条件,行业标准,中国电影科学技术研究所,javascript:;,undefined,上海电影发行放映公司,"[""上海电影发行放映公司"",""中国电影科学技术研究所""]",undefined,未知,true,undefined,undefined,undefined,undefined,undefined,undefined,null,null,"[""测量""]",undefined,undefined,undefined,undefined,undefined,undefined,undefined,undefined,undefined,null,undefined,undefined
undefined,undefined,gyt-183-2002,GY/T 183-2002,数字立体声电影院的技术标准,行业标准,中国电影科学技术研究所,javascript:;,2002-12-01,中国电影科学技术研究所,"[""中国电影科学技术研究所""]",2002-08-20,国家广播电影电视总局,true,undefined,undefined,undefined,undefined,undefined,undefined,null,null,"[""立体"",""测量""]",undefined,undefined,undefined,undefined,undefined,undefined,undefined,undefined,undefined,null,undefined,undefined
undefined,undefined,gyt-188-2003,GY/T 188-2003,电影放映幕主要特性的测定方法,行业标准,undefined,undefined,undefined,undefined,undefined,undefined,未知,true,undefined,undefined,undefined,undefined,undefined,undefined,null,null,"[""银幕"",""测量""]",undefined,undefined,undefined,undefined,undefined,undefined,undefined,undefined,undefined,null,undefined,undefined
undefined,undefined,gyt-189-2003,GY/T 189-2003,电影院和鉴定放映室幕干扰光的测量方法和技术要求,行业标准,中国电影科学技术研究所,javascript:;,undefined,中国电影科学技术研究所,"[""中国电影科学技术研究所""]",undefined,未知,true,undefined,undefined,undefined,undefined,undefined,undefined,null,null,"[""测量""]",undefined,undefined,undefined,undefined,undefined,undefined,undefined,undefined,undefined,null,undefined,undefined
undefined,undefined,gyt-190-2003,GY/T 190-2003,供交换用影片及其磁性声迹素材容器标签的最低限内容,行业标准,中国电影科学技术研究所,undefined,undefined,中国电影科学技术研究所,"[""中国电影科学技术研究所""]",undefined,未知,true,undefined,undefined,undefined,undefined,undefined,undefined,null,null,undefined,undefined,undefined,undefined,undefined,undefined,undefined,undefined,undefined,undefined,null,undefined,undefined
undefined,undefined,gyt-191-2003,GY/T 191-2003,已加工电影安全胶片的贮存技术,行业标准,中国电影科学技术研究所,javascript:;,undefined,中国电影科学技术研究所,"[""中国电影科学技术研究所""]",undefined,未知,true,undefined,undefined,undefined,undefined,undefined,undefined,null,null,undefined,undefined,undefined,undefined,undefined,undefined,undefined,undefined,undefined,undefined,null,undefined,undefined
undefined,"[""敬健"",""刘健南""]",gyt-207-2005,GY/T 207-2005,电影院计算机票务管理系统软件技术规范,行业标准,中国电影科学技术研究所,javascript:;,2005-06-01,中国电影科学技术研究所,"[""中国电影科学技术研究所"",""国家广播电影电视总局电影技术质量检测所""]",2005-05-09,国家广播电影电视总局,false,true,undefined,undefined,undefined,undefined,"[""gyt-276-2013""]",null,null,"[""票务""]",undefined,undefined,undefined,undefined,undefined,undefined,undefined,undefined,undefined,null,undefined,undefined
undefined,"[""季平"",""刘健南"",""王文强"",""金悦"",""乔彦宏"",""何昊"",""李国伟"",""张红"",""冯军"",""林晓飞"",""李贺"",""卢铭辉"",""吴一凡"",""赵涛"",""张焕岭"",""张学静"",""王吴迪"",""姜楠"",""李涛""]",gyt-276-2013,GY/T 276-2013,电影院票务管理系统技术要求和测量方法,行业标准,全国广播电影电视标准化技术委员会（SAC/TC239/SC4）,javascript:;,2013-12-31,中国电影科学技术研究所,"[""中国电影科学技术研究所"",""国家新闻出版广电总局电影技术质量检测所"",""国家电影事业发展专项资金管理委员会办公室"",""国家新闻出版广电总局电影数字节目管理中心"",""上海市文化广播影视管理局"",""太极计算机股份有限公司"",""中影博圣影视科技有限公司"",""中影环球(北京)科技有限公司"",""北京华夏满天星城市网络售票技术有限公司"",""北京捷通无限科技有限公司"",""北京影合众新媒体技术服务有限公司"",""北京中鑫汇科软件技术有限公司"",""广东粤科软件工程有限公司"",""哈票网络科技（北京）有限公司"",""上海格瓦商务信息咨询有限公司"",""沃思达娱乐软件有限公司"",""中演票务通文化发展有限责任公司""]",2013-12-31,国家广播电影电视总局,true,undefined,undefined,undefined,undefined,undefined,undefined,null,null,"[""票务"",""测量""]",undefined,undefined,undefined,undefined,undefined,undefined,undefined,undefined,undefined,null,undefined,undefined
undefined,"[""陈飞"",""朱觉"",""苗正明"",""崔志民""]",gyt-213-2006,GY/T 213-2006,声音素材交换Hi8格式的技术规范,行业标准,中国电影科学技术研究所,javascript:;,2006-05-01,中国电影集团公司,"[""中国电影集团公司"",""上海电影集团公司"",""中国电影科学技术研究所""]",2006-03-01,国家广播电影电视总局,true,undefined,undefined,undefined,undefined,undefined,undefined,null,null,undefined,undefined,undefined,undefined,undefined,undefined,undefined,undefined,undefined,undefined,null,undefined,undefined
undefined,"[""陈飞"",""朱觉"",""苗正明"",""崔志民""]",gyt-215-2006,GY/T 215-2006,35mm电影后期制作用片头片尾的技术规范,行业标准,中国电影科学技术研究所,javascript:;,2006-09-01,中国电影集团公司,"[""中国电影集团公司"",""上海电影集团公司"",""中国电影科学技术研究所""]",2006-08-01,国家广播电影电视总局,true,undefined,undefined,undefined,undefined,undefined,undefined,null,null,"[""制作""]",undefined,undefined,undefined,undefined,undefined,undefined,undefined,undefined,undefined,null,undefined,undefined
undefined,"[""翁山宝"",""诸建中"",""陈中新""]",gyt-242-2010,GY/T 242-2010,35mm电影发行拷贝青染料无银模拟声声迹制作技术规范,行业标准,全国广播电影电视标准化技术委员会（SAC/TC 239）,javascript:;,2010-07-07,上海电影技术厂,"[""上海电影技术厂""]",2010-07-07,国家广播电影电视总局,true,undefined,undefined,undefined,undefined,undefined,undefined,null,null,"[""制作""]",undefined,undefined,undefined,undefined,undefined,undefined,undefined,undefined,undefined,null,undefined,undefined
undefined,"[""赵广颖"",""何欢潮"",""夏成永"",""张辉"",""王丰""]",gyt-248-2011,GY/T 248-2011,数字电影中档和流动放映系统用声频功率放大器技术要求和测量方法,行业标准,全国广播电影电视标准化技术委员会（SAC/TC 239）,javascript:;,2011-09-01,国家广播电影电视总局电影技术质量检测所,"[""国家广播电影电视总局电影技术质量检测所"",""广州飞达音响专业器材有限公司"",""四川湖山电子股份有限公司""]",2011-09-01,国家广播电影电视总局,true,undefined,undefined,undefined,undefined,undefined,undefined,null,null,"[""中档"",""流动"",""测量""]",undefined,undefined,undefined,undefined,undefined,undefined,undefined,undefined,undefined,null,undefined,undefined
undefined,"[""季平"",""陈江"",""高峰"",""李娜"",""陈登科"",""勾磊"",""张辉"",""常一孜"",""王丰""]",gyt-250-2011,GY/T 250-2011,数字电影流放放映系统用投影机技术要求与测量方法,行业标准,全国广播电影电视标准化技术委员会（SAC/TC 239）,javascript:;,2011-10-8,国家广播电影电视总局电影技术质量检测所,"[""国家广播电影电视总局电影技术质量检测所"",""四川长虹电器股份有限公司"",""台达电子工业股份有限公司"",""三菱电机空调影像设备（上海）有限公司"",""南京夏普电子有限公司"",""奥图码数码科技（上海）股份有限公司"",""联想（北京）有限公司""]",2011-10-08,国家广播电影电视总局,true,undefined,undefined,undefined,undefined,undefined,undefined,null,null,"[""流动"",""测量""]",undefined,undefined,undefined,undefined,undefined,undefined,undefined,undefined,undefined,null,undefined,undefined
undefined,"[""陈江"",""刘健南"",""高峰"",""勾磊"",""陈登科"",""李娜"",""王丰"",""张辉"",""刘翼光"",""徐宏""]",gyt-251-2011,GY/T 251-2011,数字电影流动放映系统技术要求和测量方法,行业标准,全国广播电影电视标准化技术委员会（SAC/TC 239）,javascript:;,2011-10-8,国家广播电影电视总局电影技术质量检测所,"[""国家广播电影电视总局电影技术质量检测所"",""国家广播电影电视总局电影数字节目管理中心""]",2011-10-08,国家广播电影电视总局,true,undefined,undefined,undefined,undefined,undefined,undefined,null,null,"[""流动"",""测量""]",undefined,undefined,undefined,undefined,undefined,undefined,undefined,undefined,undefined,null,undefined,undefined
undefined,"[""陈江"",""赵广颖"",""刘健南"",""高峰"",""勾磊"",""陈登科"",""李娜"",""王丰"",""张辉"",""王文强"",""崔强"",""张鑫""]",gyt-256-2012,GY/T 256-2012,数字电影中档放映系统技术要求和测量方法,行业标准,全国广播电影电视标准化技术委员会（SAC/TC 239）,javascript:;,2012-04-11,国家广播电影电视总局电影技术质量检测所,"[""国家广播电影电视总局电影技术质量检测所""]",2012-04-11,国家广播电影电视总局,true,undefined,undefined,undefined,undefined,undefined,undefined,null,null,"[""中档"",""测量""]",undefined,undefined,undefined,undefined,undefined,undefined,undefined,undefined,undefined,null,undefined,undefined
undefined,undefined,gyt-256-2012-amd1,GY/T 256-2012 Amd1,GY/T 256-2012 第1号修改单,行业标准,全国广播电影电视标准化技术委员会（SAC/TC 240）,javascript:;,2015-08-03,undefined,undefined,2015-08-03,国家广播电影电视总局,true,undefined,undefined,undefined,undefined,undefined,undefined,null,null,"[""中档"",""测量""]",undefined,undefined,undefined,undefined,undefined,undefined,undefined,undefined,undefined,null,undefined,undefined
undefined,"[""宋强"",""王孝福"",""李锐""]",gyt-288-2014,GY/T 288-2014,电影送审数字母版字幕技术要求,行业标准,全国广播电影电视标准化技术委员会（SAC/TC 239）,javascript:;,2015-01-20,中国电影科学技术研究所,"[""中国电影科学技术研究所"",""国家新闻出版广电总局电影局""]",2015-01-20,国家广播电影电视总局,true,undefined,undefined,undefined,undefined,undefined,undefined,null,null,"[""审查""]",undefined,undefined,undefined,undefined,undefined,undefined,undefined,undefined,undefined,null,undefined,undefined
iso26428-1-2008,"[""李虹珊"",""刘茂英"",""张鑫"",""刘达""]",gyt-292.1-2015,GY/T 292.1-2015,数字电影发行母版 第1部分：图像特性,行业标准,全国广播电影电视标准化技术委员会（SAC/TC 239）,javascript:;,2015-07-28,中国电影科学技术研究所,"[""中国电影科学技术研究所""]",2015-07-28,国家广播电影电视总局,true,undefined,undefined,undefined,undefined,undefined,undefined,null,null,"[""母版""]",undefined,undefined,undefined,undefined,undefined,undefined,undefined,undefined,undefined,null,undefined,undefined
undefined,undefined,iso26428-1-2008,ISO 26428-1:2008,Digital cinema (D-cinema) distribution master — Part 1: Image characteristics,国际标准,iso-tc36-tc,https://www.iso.org/standard/50204.html,undefined,undefined,undefined,2008-09-01,ISO,true,undefined,undefined,undefined,undefined,undefined,undefined,null,null,"[""DCinema"",""DCDM"",""DCP核心"",""发行"",""图像""]",undefined,undefined,undefined,undefined,undefined,undefined,undefined,undefined,undefined,null,undefined,undefined
iso26428-2-2008,"[""陈飞"",""吴凌"",""王东"",""徐嘉"",""晁强""]",gyt-292.2-2015,GY/T 292.2-2015,数字电影发行母版 第2部分 音频特性,行业标准,全国广播电影电视标准化技术委员会（SAC/TC 239）,javascript:;,2015-07-28,中影电影数字制作基地有限公司,"[""中影电影数字制作基地有限公司""]",2015-07-28,国家广播电影电视总局,true,undefined,undefined,undefined,undefined,undefined,undefined,null,null,"[""母版""]",undefined,undefined,undefined,undefined,undefined,undefined,undefined,undefined,undefined,null,undefined,undefined
undefined,undefined,iso26428-2-2008,ISO 26428-2:2008,Digital cinema (D-cinema) distribution master — Part 3: Audio channel mapping and channel docLabeling,国际标准,iso-tc36-tc,https://www.iso.org/standard/50218.html,undefined,undefined,undefined,2008-07-01,ISO,true,undefined,undefined,undefined,undefined,undefined,undefined,null,null,"[""DCinema"",""DCDM"",""DCP核心"",""发行"",""声音""]",undefined,undefined,undefined,undefined,undefined,undefined,2017-01-01,true,undefined,null,undefined,undefined
iso26429-3-2008,"[""刘茂英"",""张鑫"",""刘达""]",gyt-293.1-2015,GY/T 293.1-2015,数字电影打包 第1部分：声音和图像轨迹文件,行业标准,全国广播电影电视标准化技术委员会（SAC/TC 239）,javascript:;,2015-07-28,中国电影科学技术研究所,"[""中国电影科学技术研究所""]",2015-07-28,国家广播电影电视总局,true,undefined,undefined,undefined,undefined,undefined,undefined,null,null,"[""打包""]",undefined,undefined,undefined,undefined,undefined,undefined,undefined,undefined,undefined,null,undefined,undefined
undefined,undefined,iso26429-3-2008,ISO 26429-3:2008,Digital cinema (D-cinema) packaging — Part 3: Sound and picture track file,国际标准,iso-tc36-tc,https://www.iso.org/standard/50205.html,undefined,undefined,undefined,2008-07-01,ISO,true,undefined,undefined,undefined,undefined,undefined,undefined,null,null,"[""DCinema"",""打包"",""DCP核心"",""图像"",""声音"",""MXF应用"",""JPEG2000""]",undefined,undefined,undefined,undefined,undefined,undefined,2017-01-01,true,undefined,null,undefined,undefined
iso26429-4-2008,"[""刘戈三"",""李铭"",""刘茂英"",""张鑫"",""刘达"",""常乐"",""陈军""]",gyt-293.2-2015,GY/T 293.2-2015,数字电影打包 第2部分：MXF JPEG2000应用,行业标准,全国广播电影电视标准化技术委员会（SAC/TC 239）,javascript:;,2015-07-28,北京电影学院,"[""北京电影学院"",""中国电影科学技术研究所""]",2015-07-28,国家广播电影电视总局,true,undefined,undefined,undefined,undefined,undefined,undefined,null,null,"[""打包"",""JPEG2000"",""MXF应用""]",undefined,undefined,undefined,undefined,undefined,undefined,undefined,undefined,undefined,null,undefined,undefined
undefined,undefined,iso26429-4-2008,ISO 26429-4:2008,Digital cinema (D-cinema) packaging — Part 4: MXF JPEG 2000 application,国际标准,iso-tc36-tc,https://www.iso.org/standard/50221.html,undefined,undefined,undefined,2008-09-01,ISO,true,undefined,undefined,undefined,undefined,undefined,undefined,null,null,"[""DCinema"",""打包"",""DCP核心"",""图像"",""MXF应用"",""JPEG2000""]",undefined,undefined,undefined,undefined,undefined,undefined,2018-01-01,true,undefined,null,undefined,undefined
undefined,"[""李枢平"",""张红"",""徐宏"",""崔志民"",""王建雄"",""牛小明"",""赵思行""]",gyt-294-2015,GY/T 294-2015,电影数字节目版权保护技术体系框架,行业标准,全国广播电影电视标准化技术委员会（SAC/TC 239）,javascript:;,2015-08-18,国家新闻出版广电总局电影数字节目管理中心,"[""国家新闻出版广电总局电影数字节目管理中心""]",2015-08-18,国家广播电影电视总局,true,undefined,undefined,undefined,undefined,undefined,undefined,null,null,"[""安全""]",undefined,undefined,undefined,undefined,undefined,undefined,undefined,undefined,undefined,null,undefined,undefined
undefined,"[""刘戈三"",""常乐"",""徐嘉"",""刘茂英"",""黄晓宇""]",gyt-309-2017,GY/T 309-2017,数字电影数据包（DCP）标题命名与载体标识技术规范,行业标准,全国广播电影电视标准化技术委员会（SAC/TC 239）,javascript:;,2017-11-24,北京电影学院,"[""北京电影学院"",""中国电影股份有限公司"",""中国电影科学技术研究所""]",2017-11-24,国家广播电影电视总局,true,undefined,undefined,undefined,undefined,undefined,undefined,null,null,"[""DCP应用""]",undefined,undefined,undefined,undefined,undefined,undefined,undefined,undefined,undefined,null,undefined,undefined
undefined,"[""刘戈三"",""常乐"",""徐嘉"",""刘茂英"",""黄晓宇""]",gyt-310-2017,GY/T 310-2017,数字电影放映模式设置技术规范,行业标准,全国广播电影电视标准化技术委员会（SAC/TC 239）,javascript:;,2017-11-24,北京电影学院,"[""北京电影学院"",""中国电影股份有限公司"",""中国电影科学技术研究所""]",2017-11-24,国家广播电影电视总局,true,undefined,undefined,undefined,undefined,undefined,undefined,null,null,"[""放映""]",undefined,undefined,undefined,undefined,undefined,undefined,undefined,undefined,undefined,null,undefined,undefined
undefined,undefined,gy-5020-1995,GY 5020-1995,电影工程建设标准管理办法,规范性文件,国家广播电影电视总局,javascript:;,1995-03-05,undefined,undefined,1995-03-05,国家广播电影电视总局,true,undefined,undefined,undefined,undefined,undefined,undefined,null,null,"[""工程建设""]",undefined,undefined,undefined,undefined,undefined,undefined,undefined,undefined,undefined,null,undefined,undefined
undefined,"[""瞿瑞虎"",""桂信安"",""陈子俊"",""薛韵琴"",""陈秀琼"",""郑耀辉"",""张福冠"",""苑秀岩"",""张寅初"",""李丹江""]",gyt-5059-1997,GY/T 5059-1997,电影工程设计图形符号和文字符号,行业标准,国家广播电影电视总局,javascript:;,1997-10-01,中国电影科学技术研究所,"[""中国电影科学技术研究所""]",1997-03-28,国家广播电影电视总局,true,undefined,undefined,undefined,undefined,undefined,undefined,null,null,"[""工程建设""]",undefined,undefined,undefined,undefined,undefined,undefined,undefined,undefined,undefined,null,undefined,undefined
undefined,"[""裘建东"",""刘正铃"",""张红印"",""韩志宏"",""王建磊""]",gy-5060-2008,GY 5060-2008,广播电影电视建筑工程抗震设防分类标准,行业标准,国家广播电影电视总局,javascript:;,2009-03-01,中广电广播电影电视设计研究院,"[""中广电广播电影电视设计研究院""]",2008-12-19,国家广播电影电视总局,true,undefined,undefined,undefined,undefined,undefined,undefined,null,null,"[""工程建设""]",undefined,undefined,undefined,undefined,undefined,undefined,undefined,undefined,undefined,null,undefined,undefined
undefined,"[""向荣"",""张学柱"",""孙巍"",""路晓俐"",""朱峰"",""冯鹤"",""雷振宇""]",gyt-5061-2015,GY/T 5061-2015,广播电影电视工程技术用房照明设计规范,行业标准,国家广播电影电视总局,javascript:;,2016-02-01,中广电广播电影电视设计研究院,"[""中广电广播电影电视设计研究院"",""中央电视台"",""中央人民广播电台"",""中国国际广播电台"",""中影电影数字制作基地有限公司""]",2016-01-04,国家广播电影电视总局,true,undefined,undefined,undefined,undefined,undefined,undefined,null,null,"[""工程建设""]",undefined,undefined,undefined,undefined,undefined,undefined,undefined,undefined,undefined,null,undefined,undefined
undefined,"[""陈秀琼"",""张敏"",""吴正大""]",gy-5066-2000,GY 5066-2000,电影摄影棚灯光系统设计规范,行业标准,国家广播电影电视总局,javascript:;,2000-12-01,国家广播电影电视总局设计院,"[""国家广播电影电视总局设计院"",""中央电视台"",""北京电影制片厂""]",2000-11-09,国家广播电影电视总局,true,undefined,undefined,undefined,undefined,undefined,undefined,null,null,"[""工程建设""]",undefined,undefined,undefined,undefined,undefined,undefined,undefined,undefined,undefined,null,undefined,undefined
undefined,"[""林长海"",""赵辉"",""金鹏"",""黄淑明"",""裘建东"",""陈红"",""于象玉"",""刘孔泉"",""李道君"",""康玉清"",""付举宏""]",gy-5067-2017,GY 5067-2017,广播电影电视建筑设计防火标准,行业标准,国家广播电影电视总局,javascript:;,2018-01-01,中广电广播电影电视设计研究院,"[""中广电广播电影电视设计研究院"",""国家新闻出版广电总局保卫司""]",2017-09-24,国家新闻出版广电总局/中华人民共和国公安部,true,undefined,undefined,undefined,undefined,undefined,undefined,null,null,"[""工程建设""]",undefined,undefined,undefined,undefined,undefined,undefined,undefined,undefined,undefined,null,undefined,undefined
undefined,"[""刘翼光"",""吴敏""]",gdj-003-2007,GD/J 003-2007,数字电影农村公益流动放映管理系统技术规范,行业标准,国家广播电影电视总局,undefined,undefined,undefined,undefined,undefined,未知,false,true,undefined,undefined,undefined,undefined,"[""gdj-013-2007""]",null,null,"[""流动""]",undefined,undefined,undefined,undefined,undefined,undefined,undefined,undefined,undefined,null,undefined,undefined
undefined,"[""季平"",""陈江"",""赵广颖"",""刘翼光"",""吴敏"",""徐宏""]",gdj-013-2007,GD/J 013-2007,数字电影流动放映系统技术要求,行业标准,国家广播电影电视总局,undefined,2007-05-28,国家广播电影电视总局电影技术质量检测所,"[""国家广播电影电视总局电影技术质量检测所"",""国家广播电影电视总局电影数字节目管理中心""]",2007-05-28,未知,true,undefined,undefined,undefined,undefined,undefined,undefined,null,null,"[""流动"",""测量""]",undefined,undefined,undefined,undefined,undefined,undefined,undefined,undefined,undefined,null,undefined,undefined
undefined,"[""季平"",""陈江"",""刘达"",""张鑫""]",gdj-014-2007,GD/J 014-2007,数字影院（中档）放映系统技术要求,行业标准,国家广播电影电视总局,undefined,2007-08-02,国家广播电影电视总局电影技术质量检测所,"[""国家广播电影电视总局电影技术质量检测所"",""中国电影科学技术研究所""]",2007-08-02,未知,true,undefined,undefined,undefined,undefined,undefined,undefined,null,null,"[""中档"",""测量""]",undefined,undefined,undefined,undefined,undefined,undefined,undefined,undefined,undefined,null,undefined,undefined
undefined,"[""季平"",""陈江"",""赵广颖"",""王晋芳""]",gdj-016-2007,GD/J 016-2007,数字电影流动放映系统检测方法,行业标准,国家广播电影电视总局,undefined,2007-08-03,国家广播电影电视总局电影技术质量检测所,"[""国家广播电影电视总局电影技术质量检测所""]",2007-08-03,未知,true,undefined,undefined,undefined,undefined,undefined,undefined,null,null,"[""流动"",""测量""]",undefined,undefined,undefined,undefined,undefined,undefined,undefined,undefined,undefined,null,undefined,undefined
undefined,"[""季平"",""刘健南"",""陈晓艺""]",gdj-029-2010,GD/J 029-2010,数字电影流动放映监管信息GPS/GPRS接口技术要求和测试方法（暂行）,行业标准,国家广播电影电视总局科技司,javascript:;,2010-01-01,中国电影科学技术研究所,"[""中国电影科学技术研究所""]",2010-01-01,国家广播电影电视总局科技司,true,undefined,undefined,undefined,undefined,undefined,undefined,null,null,"[""流动"",""测量""]",undefined,undefined,undefined,undefined,undefined,undefined,undefined,undefined,undefined,null,undefined,undefined
undefined,"[""王孝福"",""郑景泉"",""陈留英"",""沈连忠"",""晃强"",""陈晓艺""]",gdj-032-2010,GD/J 032-2010,电影送审标准拷贝声画技术质量主观评价方法,行业标准,国家广播电影电视总局科技司,javascript:;,2010-10-14,国家广播电影电视总局电影局,"[""国家广播电影电视总局电影局"",""中国电影科学技术研究所""]",2010-10-14,国家广播电影电视总局科技司,true,undefined,undefined,undefined,undefined,undefined,undefined,null,null,"[""审查""]",undefined,undefined,undefined,undefined,undefined,undefined,undefined,undefined,undefined,null,undefined,undefined
undefined,"[""冯庆一"",""李波"",""顾正保"",""宋强"",""张荣"",""黄宁"",""刘惠中"",""陈晓艺""]",gdj-033-2010,GD/J 033-2010,电影送审数字母版声画技术质量主观评价方法,行业标准,国家广播电影电视总局科技司,javascript:;,2010-10-14,国家广播电影电视总局电影局,"[""国家广播电影电视总局电影局"",""中国电影科学技术研究所""]",2010-10-14,国家广播电影电视总局科技司,true,undefined,undefined,undefined,undefined,undefined,undefined,null,null,"[""审查""]",undefined,undefined,undefined,undefined,undefined,undefined,undefined,undefined,undefined,null,undefined,undefined
undefined,"[""韩晓黎"",""陈飞"",""陈江"",""程阳"",""吴凌"",""林方亮"",""陈登科"",""李娜"",""徐嘉""]",gdj-040-2012,GD/J 040-2012,数字电影巨幕影院技术规范和测量方法,行业标准,全国广播电影电视标准化技术委员会（SAC/TC 239）,javascript:;,2012-07-26,中国电影科学技术研究所,"[""中国电影科学技术研究所"",""国家广播电影电视总局电影技术质量检测所"",""中国电影集团公司"",""中广电广播电影电视设计研究院""]",2012-07-26,国家广播电影电视总局,true,undefined,undefined,undefined,undefined,undefined,undefined,null,null,"[""巨幕"",""测量""]",undefined,undefined,undefined,undefined,undefined,undefined,undefined,undefined,undefined,null,undefined,undefined
undefined,"[""季平"",""龚波"",""王萃"",""王木旺"",""刘健南"",""王文强"",""俞哲"",""张鑫"",""崔强"",""李志永"",""王春梅"",""全笑峰"",""高航军"",""高峰"",""董强国""]",gdj-045-2013,GD/J 045-2013,电影数字拷贝卫星分发系统技术要求和测量方法,行业标准,全国广播电影电视标准化技术委员会（SAC/TC 240）,javascript:;,2013-09-02,中国电影科学技术研究所,"[""中国电影科学技术研究所"",""国家广播电影电视总局电影技术质量检测所"",""北京海威汇达计算机技术有限责任公司""]",2013-09-02,国家新闻出版广电总局科技司,true,undefined,undefined,undefined,undefined,undefined,undefined,null,null,"[""发行"",""影院信息化"",""测量""]",undefined,undefined,undefined,undefined,undefined,undefined,undefined,undefined,undefined,null,undefined,undefined
undefined,"[""李娜"",""林民杰"",""高五峰"",""陈登科"",""龚波"",""陈江"",""秦虎"",""全笑峰"",""高航军"","" 陈凡"",""刘戈三"",""陈鼎新"",""李艳龙"",""马士超"",""王丹"",""王伟"",""伍玉蓉"",""徐瑾"",""郑伟军""]",gdj-047-2013,GD/J 047-2013,数字影院立体放映技术要求和测量方法,行业标准,国家新闻出版广电总局科技司,javascript:;,2013-12-18,中国电影科学技术研究所,"[""中国电影科学技术研究所"",""国家新闻出版广电总局电影技术质量检测所"",""中国电影器材有限责任公司"",""北京电影学院"",""中影数字电影发展（北京）有限公司"",""北京东方中原数码科技有限公司"",""杜比实验室国际技术服务（北京）有限公司"",""雷欧尼斯（北京）信息技术有限公司"",""锐地（上海）三维设备租赁有限公司"",""上海图锐数码科技有限公司"",""深圳市乐视环球科技有限公司"",""深圳市时代华影科技开发有限公司"",""索尼（中国）有限公司""]",2013-12-18,国家新闻出版广电总局科技司,true,undefined,undefined,undefined,undefined,undefined,undefined,null,null,"[""立体"",""测量""]",undefined,undefined,undefined,undefined,undefined,undefined,undefined,undefined,undefined,null,undefined,undefined
undefined,"[""宋强"",""王孝福"",""李锐""]",gdj-048-2013,GD/J 048-2013,立体送审声画技术质量主观评价方法,行业标准,国家新闻出版广电总局科技司,javascript:;,2013-12-18,国家新闻出版广电总局电影局,"[""国家新闻出版广电总局电影局"",""中国电影科学技术研究所""]",2013-12-18,国家新闻出版广电总局科技司,true,undefined,undefined,undefined,undefined,undefined,undefined,null,null,"[""立体"",""审查""]",undefined,undefined,undefined,undefined,undefined,undefined,undefined,undefined,undefined,null,undefined,undefined
undefined,"[""杨雪培"",""顾正保"",""罗燕翎"",""陈江"",""李涵初"",""潘中伙""]",gbt-21048-2007,GB/T 21048-2007,电影院星级的划分与评定,国家标准,国家电影局,javascript:;,2007-12-01,中国电影科学技术研究所,"[""中国电影科学技术研究所""]",2007-08-23,中华人民共和国国家质量监督检验检疫总局/中国国家标准化管理委员会,true,undefined,undefined,undefined,undefined,undefined,undefined,null,null,"[""测量""]",undefined,undefined,undefined,undefined,undefined,undefined,undefined,undefined,undefined,null,undefined,undefined
undefined,"[""隗京花"",""王迎杰"",""陈江"",""胡滨"",""王丽"",""马晓丹"",""皇甫姜子"",""贾硕"",""郭良鹏"","" 刘茂英"",""李娜"",""李明涛"",""赵然子"",""额尔德尼"",""刘晓峰"",""景海荣"",""许黎辉"",""李邦模"",""佘协元"",""吴文忠""]",tcas-608-2022,T/CAS 608-2022,科普场馆球幕影院功能配置与放映技术要求,团体标准,中国科学技术学会,javascript:;,2022-06-30,中国电影科学技术研究所,"[""中国自然科学博物馆学会"",""中国科学技术馆"",""中央宣传部电影技术质量检测所""]",2022-06-30,中国标准化协会,true,undefined,undefined,undefined,undefined,undefined,undefined,null,null,"[""球幕"",""测量""]",undefined,undefined,undefined,undefined,undefined,undefined,undefined,undefined,undefined,null,undefined,undefined